Configuration,Language,File Path,Successfully Extracted,Failure Reason
.github/workflows/security.yml:codeql/language:javascript-typescript,JavaScript,scripts/verify-gaps-fixed.mjs,true,""
.github/workflows/security.yml:codeql/language:javascript-typescript,JavaScript,scripts/supabase-rollout-manifest.mjs,true,""
.github/workflows/security.yml:codeql/language:javascript-typescript,JavaScript,scripts/apply-supabase-rollout.mjs,true,""
.github/workflows/security.yml:codeql/language:javascript-typescript,JavaScript,scripts/check-domain-boundaries.mjs,true,""
.github/workflows/security.yml:codeql/language:javascript-typescript,JavaScript,scripts/merge-vitest-results.mjs,true,""
.github/workflows/security.yml:codeql/language:javascript-typescript,JavaScript,scripts/collect-lighthouse.mjs,true,""
.github/workflows/security.yml:codeql/language:javascript-typescript,JavaScript,scripts/verify-10-out-of-10.mjs,true,""
.github/workflows/security.yml:codeql/language:javascript-typescript,JavaScript,scripts/check-bundle-budgets.mjs,true,""
.github/workflows/security.yml:codeql/language:javascript-typescript,JavaScript,scripts/build-production.mjs,true,""
.github/workflows/security.yml:codeql/language:javascript-typescript,JavaScript,scripts/setup-production-env.mjs,true,""
.github/workflows/security.yml:codeql/language:javascript-typescript,JavaScript,scripts/fix-security-issues.mjs,true,""
.github/workflows/security.yml:codeql/language:javascript-typescript,JavaScript,scripts/generate-brand-assets.mjs,true,""
.github/workflows/security.yml:codeql/language:javascript-typescript,JavaScript,scripts/verify-production-auth.mjs,true,""
.github/workflows/security.yml:codeql/language:javascript-typescript,JavaScript,scripts/verify-quality.mjs,true,""
.github/workflows/security.yml:codeql/language:javascript-typescript,JavaScript,scripts/check-encoding.mjs,true,""
.github/workflows/security.yml:codeql/language:javascript-typescript,JavaScript,scripts/run-seeds.mjs,true,""
.github/workflows/security.yml:codeql/language:javascript-typescript,JavaScript,scripts/sync-build-output.mjs,true,""
.github/workflows/security.yml:codeql/language:javascript-typescript,JavaScript,scripts/analyze-bundle.mjs,true,""
.github/workflows/security.yml:codeql/language:javascript-typescript,JavaScript,scripts/backup-database.mjs,true,""
.github/workflows/security.yml:codeql/language:javascript-typescript,JavaScript,.size-limit.js,true,""
.github/workflows/security.yml:codeql/language:javascript-typescript,JavaScript,scripts/generate-openapi-specs.mjs,true,""
.github/workflows/security.yml:codeql/language:javascript-typescript,JavaScript,scripts/playwright-web-server.mjs,true,""
.github/workflows/security.yml:codeql/language:javascript-typescript,JavaScript,scripts/generate-quality-report.mjs,true,""
.github/workflows/security.yml:codeql/language:javascript-typescript,JavaScript,public/sw.js,true,""
.github/workflows/security.yml:codeql/language:javascript-typescript,JavaScript,scripts/health-check.mjs,true,""
.github/workflows/security.yml:codeql/language:javascript-typescript,JavaScript,scripts/supabase-migration-registry.mjs,true,""
.github/workflows/security.yml:codeql/language:javascript-typescript,JavaScript,scripts/sync-supabase-migration-docs.mjs,true,""
.github/workflows/security.yml:codeql/language:javascript-typescript,JavaScript,scripts/validate-env.mjs,true,""
.github/workflows/security.yml:codeql/language:javascript-typescript,JavaScript,scripts/fix-log-injections.mjs,true,""
.github/workflows/security.yml:codeql/language:javascript-typescript,JavaScript,scripts/run-automation-worker.mjs,true,""
.github/workflows/security.yml:codeql/language:javascript-typescript,JavaScript,eslint.config.js,true,""
.github/workflows/security.yml:codeql/language:javascript-typescript,JavaScript,scripts/optimize-performance.mjs,true,""
.github/workflows/security.yml:codeql/language:javascript-typescript,JavaScript,scripts/validate-production-env.mjs,true,""
.github/workflows/security.yml:codeql/language:javascript-typescript,JavaScript,scripts/setup-git-hooks.mjs,true,""
.github/workflows/security.yml:codeql/language:javascript-typescript,JavaScript,scripts/check-design-system.mjs,true,""
.github/workflows/security.yml:codeql/language:javascript-typescript,JavaScript,scripts/verify-supabase-rollout.mjs,true,""
.github/workflows/security.yml:codeql/language:javascript-typescript,JavaScript,scripts/check-typescript-strict-mode.mjs,true,""
.github/workflows/security.yml:codeql/language:javascript-typescript,JavaScript,scripts/optimize-bundle.mjs,true,""
.github/workflows/security.yml:codeql/language:javascript-typescript,JavaScript,scripts/detect-dead-code.mjs,true,""
.github/workflows/security.yml:codeql/language:javascript-typescript,JavaScript,scripts/configure-sentry-alerts.mjs,true,""
.github/workflows/security.yml:codeql/language:javascript-typescript,JavaScript,.eval-dist/assets/js/sentry-browser-l0sNRNKZ.js,false,""
.github/workflows/security.yml:codeql/language:javascript-typescript,JavaScript,.eval-dist/assets/js/tanstack-react-B9iDWl2j.js,false,""
.github/workflows/security.yml:codeql/language:javascript-typescript,JavaScript,.eval-dist/sw.js,false,""
.github/workflows/security.yml:codeql/language:javascript-typescript,JavaScript,.eval-dist/assets/js/MobilityOSLandingMap-CbZ0eiCj.js,false,""
.github/workflows/security.yml:codeql/language:javascript-typescript,JavaScript,.eval-dist/assets/js/icons-BQp1gGt8.js,false,""
.github/workflows/security.yml:codeql/language:javascript-typescript,JavaScript,.eval-dist/assets/js/react-dom-client-BJnfjULs.js,false,""
.github/workflows/security.yml:codeql/language:javascript-typescript,TypeScript,src/components/LoadingSpinner.tsx,true,""
.github/workflows/security.yml:codeql/language:javascript-typescript,TypeScript,src/services/kvStore.ts,true,""
.github/workflows/security.yml:codeql/language:javascript-typescript,TypeScript,src/domains/notifications/infrastructure/NotificationsGateway.ts,true,""
.github/workflows/security.yml:codeql/language:javascript-typescript,TypeScript,tests/unit/utils/errors-edge-cases.test.ts,true,""
.github/workflows/security.yml:codeql/language:javascript-typescript,TypeScript,src/components/auth/authProviderBadgeMeta.ts,true,""
.github/workflows/security.yml:codeql/language:javascript-typescript,TypeScript,src/components/rides/LocationInput.tsx,true,""
.github/workflows/security.yml:codeql/language:javascript-typescript,TypeScript,src/pages/waselCoreRideData.ts,true,""
.github/workflows/security.yml:codeql/language:javascript-typescript,TypeScript,src/modules/rides/ride.types.ts,true,""
.github/workflows/security.yml:codeql/language:javascript-typescript,TypeScript,src/domains/auth/presentation/index.ts,true,""
.github/workflows/security.yml:codeql/language:javascript-typescript,TypeScript,src/domains/trust/operationalConfidence.ts,true,""
.github/workflows/security.yml:codeql/language:javascript-typescript,TypeScript,src/platform/security/jwt.ts,true,""
.github/workflows/security.yml:codeql/language:javascript-typescript,TypeScript,src/components/auth/TwoFactorAuth.tsx,true,""
.github/workflows/security.yml:codeql/language:javascript-typescript,TypeScript,src/platform/resilience/circuitBreaker.ts,true,""
.github/workflows/security.yml:codeql/language:javascript-typescript,TypeScript,tests/unit/utils/security-two-factor.test.ts,true,""
.github/workflows/security.yml:codeql/language:javascript-typescript,TypeScript,tests/unit/utils/currency.test.ts,true,""
.github/workflows/security.yml:codeql/language:javascript-typescript,TypeScript,supabase/functions/make-server-0b1f4071/two-factor-handlers.ts,true,""
.github/workflows/security.yml:codeql/language:javascript-typescript,TypeScript,src/components/wasel-ds/WaselLogo.tsx,true,""
.github/workflows/security.yml:codeql/language:javascript-typescript,TypeScript,src/pages/WaselCorePages.tsx,true,""
.github/workflows/security.yml:codeql/language:javascript-typescript,TypeScript,src/features/rides/RideDetailsPage.tsx,true,""
.github/workflows/security.yml:codeql/language:javascript-typescript,TypeScript,src/services/directSupabase.ts,true,""
.github/workflows/security.yml:codeql/language:javascript-typescript,TypeScript,src/domains/analytics/application/AnalyticsApplicationService.ts,true,""
.github/workflows/security.yml:codeql/language:javascript-typescript,TypeScript,src/platform/index.ts,true,""
.github/workflows/security.yml:codeql/language:javascript-typescript,TypeScript,tests/unit/utils/logging.test.ts,true,""
.github/workflows/security.yml:codeql/language:javascript-typescript,TypeScript,src/utils/environment.ts,true,""
.github/workflows/security.yml:codeql/language:javascript-typescript,TypeScript,tests/a11y/test-utils.ts,true,""
.github/workflows/security.yml:codeql/language:javascript-typescript,TypeScript,src/features/profile/components/ProfilePageParts.tsx,true,""
.github/workflows/security.yml:codeql/language:javascript-typescript,TypeScript,src/components/mobile/WaselMobileSearchSheet.tsx,true,""
.github/workflows/security.yml:codeql/language:javascript-typescript,TypeScript,src/utils/enhanced-logging.ts,true,""
.github/workflows/security.yml:codeql/language:javascript-typescript,TypeScript,src/modules/rides/ride.queue.ts,true,""
.github/workflows/security.yml:codeql/language:javascript-typescript,TypeScript,src/utils/supabase/info.tsx,true,""
.github/workflows/security.yml:codeql/language:javascript-typescript,TypeScript,src/modules/rides/ride.service.ts,true,""
.github/workflows/security.yml:codeql/language:javascript-typescript,TypeScript,src/domains/mapping/application/MapApplicationService.ts,true,""
.github/workflows/security.yml:codeql/language:javascript-typescript,TypeScript,src/platform/observability/metricsCollector.ts,true,""
.github/workflows/security.yml:codeql/language:javascript-typescript,TypeScript,src/components/app/ErrorBoundary.tsx,true,""
.github/workflows/security.yml:codeql/language:javascript-typescript,TypeScript,src/hooks/useOptimizedNotifications.ts,true,""
.github/workflows/security.yml:codeql/language:javascript-typescript,TypeScript,src/utils/performance/config.ts,true,""
.github/workflows/security.yml:codeql/language:javascript-typescript,TypeScript,src/utils/whatsapp.ts,true,""
.github/workflows/security.yml:codeql/language:javascript-typescript,TypeScript,src/features/bus/busPage.utils.ts,true,""
.github/workflows/security.yml:codeql/language:javascript-typescript,TypeScript,tests/unit/services/movementMembership.test.ts,true,""
.github/workflows/security.yml:codeql/language:javascript-typescript,TypeScript,tests/unit/services/directSupabaseIntegrity.test.ts,true,""
.github/workflows/security.yml:codeql/language:javascript-typescript,TypeScript,src/components/auth/AccountRecovery.tsx,true,""
.github/workflows/security.yml:codeql/language:javascript-typescript,TypeScript,src/components/MobileBottomNav.tsx,true,""
.github/workflows/security.yml:codeql/language:javascript-typescript,TypeScript,src/services/jobQueue.ts,true,""
.github/workflows/security.yml:codeql/language:javascript-typescript,TypeScript,src/domains/analytics/domain/events.ts,true,""
.github/workflows/security.yml:codeql/language:javascript-typescript,TypeScript,src/app/pages/AppSurfaces.tsx,true,""
.github/workflows/security.yml:codeql/language:javascript-typescript,TypeScript,tests/unit/pages/waselCorePageHelpers.test.ts,true,""
.github/workflows/security.yml:codeql/language:javascript-typescript,TypeScript,tests/unit/utils/service-worker.test.ts,true,""
.github/workflows/security.yml:codeql/language:javascript-typescript,TypeScript,src/utils/supabase/client.ts,true,""
.github/workflows/security.yml:codeql/language:javascript-typescript,TypeScript,src/utils/logging.ts,true,""
.github/workflows/security.yml:codeql/language:javascript-typescript,TypeScript,src/features/legal/TermsOfService.tsx,true,""
.github/workflows/security.yml:codeql/language:javascript-typescript,TypeScript,src/features/mobility-os/index.ts,true,""
.github/workflows/security.yml:codeql/language:javascript-typescript,TypeScript,src/platform/microservices/healthMonitor.ts,true,""
.github/workflows/security.yml:codeql/language:javascript-typescript,TypeScript,tests/e2e/core-flows.spec.ts,true,""
.github/workflows/security.yml:codeql/language:javascript-typescript,TypeScript,tests/unit/services/supportInbox.test.ts,true,""
.github/workflows/security.yml:codeql/language:javascript-typescript,TypeScript,src/components/EnhancedMobileBottomNav.tsx,true,""
.github/workflows/security.yml:codeql/language:javascript-typescript,TypeScript,src/components/system/AvailabilityBanner.tsx,true,""
.github/workflows/security.yml:codeql/language:javascript-typescript,TypeScript,src/components/ui/card.tsx,true,""
.github/workflows/security.yml:codeql/language:javascript-typescript,TypeScript,src/pages/WaselServicePage.tsx,true,""
.github/workflows/security.yml:codeql/language:javascript-typescript,TypeScript,src/domains/notifications/domain/events.ts,true,""
.github/workflows/security.yml:codeql/language:javascript-typescript,TypeScript,tests/e2e/auth-surface.spec.ts,true,""
.github/workflows/security.yml:codeql/language:javascript-typescript,TypeScript,src/components/wasel-ui/WaselInput.tsx,true,""
.github/workflows/security.yml:codeql/language:javascript-typescript,TypeScript,src/components/LiveTripTracking.tsx,true,""
.github/workflows/security.yml:codeql/language:javascript-typescript,TypeScript,src/features/packages/components/PackageTrackPanel.tsx,true,""
.github/workflows/security.yml:codeql/language:javascript-typescript,TypeScript,src/features/package-delivery/ReturnMatching.tsx,true,""
.github/workflows/security.yml:codeql/language:javascript-typescript,TypeScript,src/modules/bus/bus.controller.ts,true,""
.github/workflows/security.yml:codeql/language:javascript-typescript,TypeScript,src/design-system/index.ts,true,""
.github/workflows/security.yml:codeql/language:javascript-typescript,TypeScript,src/design-system/components/Tabs.tsx,true,""
.github/workflows/security.yml:codeql/language:javascript-typescript,TypeScript,src/services/movementMembership.ts,true,""
.github/workflows/security.yml:codeql/language:javascript-typescript,TypeScript,src/services/auth.ts,true,""
.github/workflows/security.yml:codeql/language:javascript-typescript,TypeScript,src/contexts/LanguageContext.tsx,true,""
.github/workflows/security.yml:codeql/language:javascript-typescript,TypeScript,src/pages/WaselAuthCallback.tsx,true,""
.github/workflows/security.yml:codeql/language:javascript-typescript,TypeScript,src/features/notifications/NotificationsPage.tsx,true,""
.github/workflows/security.yml:codeql/language:javascript-typescript,TypeScript,src/types/kv-store.types.ts,true,""
.github/workflows/security.yml:codeql/language:javascript-typescript,TypeScript,src/services/storage/rideSyncOrchestrator.ts,true,""
.github/workflows/security.yml:codeql/language:javascript-typescript,TypeScript,tests/unit/utils/clipboard.test.ts,true,""
.github/workflows/security.yml:codeql/language:javascript-typescript,TypeScript,src/utils/startupDom.ts,true,""
.github/workflows/security.yml:codeql/language:javascript-typescript,TypeScript,src/services/packageTrackingService.ts,true,""
.github/workflows/security.yml:codeql/language:javascript-typescript,TypeScript,src/contracts/wallet.ts,true,""
.github/workflows/security.yml:codeql/language:javascript-typescript,TypeScript,src/components/NotificationCenter.tsx,true,""
.github/workflows/security.yml:codeql/language:javascript-typescript,TypeScript,src/components/figma/index.ts,true,""
.github/workflows/security.yml:codeql/language:javascript-typescript,TypeScript,src/components/IntelligentSearchInterface.tsx,true,""
.github/workflows/security.yml:codeql/language:javascript-typescript,TypeScript,src/modules/rides/ride.hooks.ts,true,""
.github/workflows/security.yml:codeql/language:javascript-typescript,TypeScript,src/services/runtimePolicy.ts,true,""
.github/workflows/security.yml:codeql/language:javascript-typescript,TypeScript,src/contexts/LocalAuth.tsx,true,""
.github/workflows/security.yml:codeql/language:javascript-typescript,TypeScript,tests/unit/components/MobileBottomNav.test.tsx,true,""
.github/workflows/security.yml:codeql/language:javascript-typescript,TypeScript,src/components/app/AppShell.tsx,true,""
.github/workflows/security.yml:codeql/language:javascript-typescript,TypeScript,src/utils/logSanitizer.ts,true,""
.github/workflows/security.yml:codeql/language:javascript-typescript,TypeScript,src/features/trust/components/TrustCenterSections.tsx,true,""
.github/workflows/security.yml:codeql/language:javascript-typescript,TypeScript,src/domains/wallet/index.ts,true,""
.github/workflows/security.yml:codeql/language:javascript-typescript,TypeScript,tests/unit/utils/validation.test.ts,true,""
.github/workflows/security.yml:codeql/language:javascript-typescript,TypeScript,src/components/rides/RideResults.tsx,true,""
.github/workflows/security.yml:codeql/language:javascript-typescript,TypeScript,src/utils/authStorage.ts,true,""
.github/workflows/security.yml:codeql/language:javascript-typescript,TypeScript,src/features/home/HomePageSections.tsx,true,""
.github/workflows/security.yml:codeql/language:javascript-typescript,TypeScript,src/lib/supabaseEnv.ts,true,""
.github/workflows/security.yml:codeql/language:javascript-typescript,TypeScript,src/features/wallet/useWallet.ts,true,""
.github/workflows/security.yml:codeql/language:javascript-typescript,TypeScript,src/styles/wasel-page-theme.ts,true,""
.github/workflows/security.yml:codeql/language:javascript-typescript,TypeScript,src/components/ui/utils.ts,true,""
.github/workflows/security.yml:codeql/language:javascript-typescript,TypeScript,src/components/ui/badgeVariants.ts,true,""
.github/workflows/security.yml:codeql/language:javascript-typescript,TypeScript,src/features/innovation/InnovationHubPage.tsx,true,""
.github/workflows/security.yml:codeql/language:javascript-typescript,TypeScript,src/services/movementPricing.ts,true,""
.github/workflows/security.yml:codeql/language:javascript-typescript,TypeScript,src/app/pages/surfaces/overviewConfigs.ts,true,""
.github/workflows/security.yml:codeql/language:javascript-typescript,TypeScript,src/components/admin/KVStoreAdmin.tsx,true,""
.github/workflows/security.yml:codeql/language:javascript-typescript,TypeScript,src/layouts/waselRootParts.tsx,true,""
.github/workflows/security.yml:codeql/language:javascript-typescript,TypeScript,src/utils/localizedCopy.ts,true,""
.github/workflows/security.yml:codeql/language:javascript-typescript,TypeScript,src/modules/bus/index.ts,true,""
.github/workflows/security.yml:codeql/language:javascript-typescript,TypeScript,src/features/operations/QuantumMobilityMap.tsx,true,""
.github/workflows/security.yml:codeql/language:javascript-typescript,TypeScript,src/features/rides/landing/landingTypes.ts,true,""
.github/workflows/security.yml:codeql/language:javascript-typescript,TypeScript,src/features/shared/pageShared.tsx,true,""
.github/workflows/security.yml:codeql/language:javascript-typescript,TypeScript,tests/unit/app/App.test.tsx,true,""
.github/workflows/security.yml:codeql/language:javascript-typescript,TypeScript,src/services/driverTracking.ts,true,""
.github/workflows/security.yml:codeql/language:javascript-typescript,TypeScript,src/services/rideFlowRuntime.ts,true,""
.github/workflows/security.yml:codeql/language:javascript-typescript,TypeScript,supabase/functions/subscription-webhook/index.ts,true,""
.github/workflows/security.yml:codeql/language:javascript-typescript,TypeScript,e2e/find-ride.spec.ts,true,""
.github/workflows/security.yml:codeql/language:javascript-typescript,TypeScript,src/features/rides/components/OfferRideFormPanel.tsx,true,""
.github/workflows/security.yml:codeql/language:javascript-typescript,TypeScript,src/services/emailService.ts,true,""
.github/workflows/security.yml:codeql/language:javascript-typescript,TypeScript,tests/unit/utils/locale.test.ts,true,""
.github/workflows/security.yml:codeql/language:javascript-typescript,TypeScript,tests/unit/server/communication-runtime.test.ts,true,""
.github/workflows/security.yml:codeql/language:javascript-typescript,TypeScript,e2e/wallet.spec.ts,true,""
.github/workflows/security.yml:codeql/language:javascript-typescript,TypeScript,src/pages/waselCorePageHelpers.ts,true,""
.github/workflows/security.yml:codeql/language:javascript-typescript,TypeScript,src/features/core/featureFlags.ts,true,""
.github/workflows/security.yml:codeql/language:javascript-typescript,TypeScript,src/design-system/tokens.ts,true,""
.github/workflows/security.yml:codeql/language:javascript-typescript,TypeScript,src/lib/client.ts,true,""
.github/workflows/security.yml:codeql/language:javascript-typescript,TypeScript,src/services/growthEngine.ts,true,""
.github/workflows/security.yml:codeql/language:javascript-typescript,TypeScript,src/app/pages/surfaces/AuthPageSurface.tsx,true,""
.github/workflows/security.yml:codeql/language:javascript-typescript,TypeScript,src/components/wasel-ui/WaselRating.tsx,true,""
.github/workflows/security.yml:codeql/language:javascript-typescript,TypeScript,src/components/trust/OperationalConfidencePanel.tsx,true,""
.github/workflows/security.yml:codeql/language:javascript-typescript,TypeScript,src/services/supportInbox.ts,true,""
.github/workflows/security.yml:codeql/language:javascript-typescript,TypeScript,src/domains/analytics/infrastructure/AnalyticsGateway.ts,true,""
.github/workflows/security.yml:codeql/language:javascript-typescript,TypeScript,tests/unit/locales/translation-completeness.test.ts,true,""
.github/workflows/security.yml:codeql/language:javascript-typescript,TypeScript,src/components/auth/AuthProviderBadge.tsx,true,""
.github/workflows/security.yml:codeql/language:javascript-typescript,TypeScript,src/components/PopularRoutes.tsx,true,""
.github/workflows/security.yml:codeql/language:javascript-typescript,TypeScript,src/modules/rides/ride.state.ts,true,""
.github/workflows/security.yml:codeql/language:javascript-typescript,TypeScript,tests/unit/utils/supabaseInfo.test.ts,true,""
.github/workflows/security.yml:codeql/language:javascript-typescript,TypeScript,tests/unit/services/http.test.ts,true,""
.github/workflows/security.yml:codeql/language:javascript-typescript,TypeScript,supabase/functions/wasel-email/index.ts,true,""
.github/workflows/security.yml:codeql/language:javascript-typescript,TypeScript,src/components/wasel-ui/WaselToast.tsx,true,""
.github/workflows/security.yml:codeql/language:javascript-typescript,TypeScript,src/components/SkipToContent.tsx,true,""
.github/workflows/security.yml:codeql/language:javascript-typescript,TypeScript,src/modules/rides/index.ts,true,""
.github/workflows/security.yml:codeql/language:javascript-typescript,TypeScript,src/services/directSupabase/index.ts,true,""
.github/workflows/security.yml:codeql/language:javascript-typescript,TypeScript,src/services/corridorCommercial.ts,true,""
.github/workflows/security.yml:codeql/language:javascript-typescript,TypeScript,src/services/mobilityPipeline.ts,true,""
.github/workflows/security.yml:codeql/language:javascript-typescript,TypeScript,src/platform/microservices/serviceRegistry.ts,true,""
.github/workflows/security.yml:codeql/language:javascript-typescript,TypeScript,supabase/functions/make-server-0b1f4071/_shared/automation-runtime.ts,true,""
.github/workflows/security.yml:codeql/language:javascript-typescript,TypeScript,src/components/EmptyState.tsx,true,""
.github/workflows/security.yml:codeql/language:javascript-typescript,TypeScript,src/features/rides/OfferRidePage.tsx,true,""
.github/workflows/security.yml:codeql/language:javascript-typescript,TypeScript,src/services/corridorTruth.ts,true,""
.github/workflows/security.yml:codeql/language:javascript-typescript,TypeScript,src/services/notifications.ts,true,""
.github/workflows/security.yml:codeql/language:javascript-typescript,TypeScript,tests/unit/utils/meta-env-check.test.ts,true,""
.github/workflows/security.yml:codeql/language:javascript-typescript,TypeScript,tests/unit/services/journeyLogistics.test.ts,true,""
.github/workflows/security.yml:codeql/language:javascript-typescript,TypeScript,supabase/functions/make-server-0b1f4071/index.ts,true,""
.github/workflows/security.yml:codeql/language:javascript-typescript,TypeScript,supabase/downloaded/supabase/functions/send-email-resend/index.ts,true,""
.github/workflows/security.yml:codeql/language:javascript-typescript,TypeScript,src/components/ImageWithFallback.tsx,true,""
.github/workflows/security.yml:codeql/language:javascript-typescript,TypeScript,src/utils/service-worker.ts,true,""
.github/workflows/security.yml:codeql/language:javascript-typescript,TypeScript,src/features/wallet/index.ts,true,""
.github/workflows/security.yml:codeql/language:javascript-typescript,TypeScript,src/platform/mapping/provider.ts,true,""
.github/workflows/security.yml:codeql/language:javascript-typescript,TypeScript,src/contracts/validation.ts,true,""
.github/workflows/security.yml:codeql/language:javascript-typescript,TypeScript,src/components/FeatureErrorBoundary.tsx,true,""
.github/workflows/security.yml:codeql/language:javascript-typescript,TypeScript,src/utils/performance.ts,true,""
.github/workflows/security.yml:codeql/language:javascript-typescript,TypeScript,src/features/rides/landing/LandingSections.tsx,true,""
.github/workflows/security.yml:codeql/language:javascript-typescript,TypeScript,src/utils/performance/adaptiveLoading.ts,true,""
.github/workflows/security.yml:codeql/language:javascript-typescript,TypeScript,src/features/rides/landing/landingSectionShared.ts,true,""
.github/workflows/security.yml:codeql/language:javascript-typescript,TypeScript,src/router/paths.ts,true,""
.github/workflows/security.yml:codeql/language:javascript-typescript,TypeScript,tests/unit/features/notificationCenterModel.test.ts,true,""
.github/workflows/security.yml:codeql/language:javascript-typescript,TypeScript,src/components/mobile/WaselSwipeableRideCard.tsx,true,""
.github/workflows/security.yml:codeql/language:javascript-typescript,TypeScript,src/pages/shared/pageUtils.tsx,true,""
.github/workflows/security.yml:codeql/language:javascript-typescript,TypeScript,src/utils/automationScheduling.test.ts,true,""
.github/workflows/security.yml:codeql/language:javascript-typescript,TypeScript,src/wasel-routes.tsx,true,""
.github/workflows/security.yml:codeql/language:javascript-typescript,TypeScript,src/domains/trust/profile.ts,true,""
.github/workflows/security.yml:codeql/language:javascript-typescript,TypeScript,src/domains/mobility/index.ts,true,""
.github/workflows/security.yml:codeql/language:javascript-typescript,TypeScript,tests/unit/utils/authHelpers.test.ts,true,""
.github/workflows/security.yml:codeql/language:javascript-typescript,TypeScript,tests/unit/utils/authFlow.test.ts,true,""
.github/workflows/security.yml:codeql/language:javascript-typescript,TypeScript,src/features/home/HomePageShared.tsx,true,""
.github/workflows/security.yml:codeql/language:javascript-typescript,TypeScript,src/components/mobile/WaselMobileBottomNav.tsx,true,""
.github/workflows/security.yml:codeql/language:javascript-typescript,TypeScript,src/utils/runtimeScheduling.ts,true,""
.github/workflows/security.yml:codeql/language:javascript-typescript,TypeScript,src/services/walletApi.ts,true,""
.github/workflows/security.yml:codeql/language:javascript-typescript,TypeScript,tests/unit/utils/env.test.ts,true,""
.github/workflows/security.yml:codeql/language:javascript-typescript,TypeScript,tests/database/databaseHardening.test.ts,true,""
.github/workflows/security.yml:codeql/language:javascript-typescript,TypeScript,supabase/functions/wasel-email/templates.ts,true,""
.github/workflows/security.yml:codeql/language:javascript-typescript,TypeScript,src/features/wallet/WalletDashboard.tsx,true,""
.github/workflows/security.yml:codeql/language:javascript-typescript,TypeScript,src/components/wasel-ui/WaselAvatar.tsx,true,""
.github/workflows/security.yml:codeql/language:javascript-typescript,TypeScript,src/components/layout/DeferredLandingMap.tsx,true,""
.github/workflows/security.yml:codeql/language:javascript-typescript,TypeScript,src/design-system/components/Button.tsx,true,""
.github/workflows/security.yml:codeql/language:javascript-typescript,TypeScript,src/domains/admin/infrastructure/AdminGateway.ts,true,""
.github/workflows/security.yml:codeql/language:javascript-typescript,TypeScript,shared/domain-contracts.ts,true,""
.github/workflows/security.yml:codeql/language:javascript-typescript,TypeScript,src/utils/wasel-ds.ts,true,""
.github/workflows/security.yml:codeql/language:javascript-typescript,TypeScript,src/domains/mobility/infrastructure/MobilityGateway.ts,true,""
.github/workflows/security.yml:codeql/language:javascript-typescript,TypeScript,src/App.tsx,true,""
.github/workflows/security.yml:codeql/language:javascript-typescript,TypeScript,tests/unit/pages/WaselAuth.test.tsx,true,""
.github/workflows/security.yml:codeql/language:javascript-typescript,TypeScript,src/modules/trips/trip.state.ts,true,""
.github/workflows/security.yml:codeql/language:javascript-typescript,TypeScript,src/components/auth/MagicLinkAuth.tsx,true,""
.github/workflows/security.yml:codeql/language:javascript-typescript,TypeScript,src/utils/api-validation.ts,true,""
.github/workflows/security.yml:codeql/language:javascript-typescript,TypeScript,src/components/wasel-ui/WaselPriceTag.tsx,true,""
.github/workflows/security.yml:codeql/language:javascript-typescript,TypeScript,src/components/WaselMap.tsx,true,""
.github/workflows/security.yml:codeql/language:javascript-typescript,TypeScript,src/services/chaosTest.ts,true,""
.github/workflows/security.yml:codeql/language:javascript-typescript,TypeScript,src/services/core.ts,true,""
.github/workflows/security.yml:codeql/language:javascript-typescript,TypeScript,tests/integration/test-utils.ts,true,""
.github/workflows/security.yml:codeql/language:javascript-typescript,TypeScript,supabase/functions/make-server-0b1f4071/_shared/two-factor-runtime.ts,true,""
.github/workflows/security.yml:codeql/language:javascript-typescript,TypeScript,src/design-system/brand.ts,true,""
.github/workflows/security.yml:codeql/language:javascript-typescript,TypeScript,src/design-system/components/Input.tsx,true,""
.github/workflows/security.yml:codeql/language:javascript-typescript,TypeScript,src/services/storage/rideBookingLogic.ts,true,""
.github/workflows/security.yml:codeql/language:javascript-typescript,TypeScript,src/domains/auth/domain/events.ts,true,""
.github/workflows/security.yml:codeql/language:javascript-typescript,TypeScript,src/domains/wallet/infrastructure/WalletGateway.ts,true,""
.github/workflows/security.yml:codeql/language:javascript-typescript,TypeScript,src/utils/monitoring.ts,true,""
.github/workflows/security.yml:codeql/language:javascript-typescript,TypeScript,src/design-system/components/Select.tsx,true,""
.github/workflows/security.yml:codeql/language:javascript-typescript,TypeScript,tests/unit/services/auth.test.ts,true,""
.github/workflows/security.yml:codeql/language:javascript-typescript,TypeScript,tests/unit/services/rideOptimization.test.ts,true,""
.github/workflows/security.yml:codeql/language:javascript-typescript,TypeScript,src/components/rides/RideCard.tsx,true,""
.github/workflows/security.yml:codeql/language:javascript-typescript,TypeScript,src/utils/regionConfig.ts,true,""
.github/workflows/security.yml:codeql/language:javascript-typescript,TypeScript,src/features/packages/PackagesPage.tsx,true,""
.github/workflows/security.yml:codeql/language:javascript-typescript,TypeScript,src/services/designSystem.ts,true,""
.github/workflows/security.yml:codeql/language:javascript-typescript,TypeScript,src/styles/unified-design-tokens.ts,true,""
.github/workflows/security.yml:codeql/language:javascript-typescript,TypeScript,src/platform/microservices/index.ts,true,""
.github/workflows/security.yml:codeql/language:javascript-typescript,TypeScript,tests/unit/contexts/AuthContext.test.tsx,true,""
.github/workflows/security.yml:codeql/language:javascript-typescript,TypeScript,tests/unit/domains/operationalConfidence.test.ts,true,""
.github/workflows/security.yml:codeql/language:javascript-typescript,TypeScript,src/utils/wasel-tokens.ts,true,""
.github/workflows/security.yml:codeql/language:javascript-typescript,TypeScript,src/modules/trips/trip.types.ts,true,""
.github/workflows/security.yml:codeql/language:javascript-typescript,TypeScript,src/services/directSupabase/types.ts,true,""
.github/workflows/security.yml:codeql/language:javascript-typescript,TypeScript,src/domains/auth/index.ts,true,""
.github/workflows/security.yml:codeql/language:javascript-typescript,TypeScript,tests/unit/database/supabaseRolloutGuardrails.test.ts,true,""
.github/workflows/security.yml:codeql/language:javascript-typescript,TypeScript,src/components/brand/BrandIdentity.tsx,true,""
.github/workflows/security.yml:codeql/language:javascript-typescript,TypeScript,src/platform/observability/distributedTracing.ts,true,""
.github/workflows/security.yml:codeql/language:javascript-typescript,TypeScript,tests/unit/utils/consent.test.ts,true,""
.github/workflows/security.yml:codeql/language:javascript-typescript,TypeScript,tests/integration/booking.test.ts,true,""
.github/workflows/security.yml:codeql/language:javascript-typescript,TypeScript,src/components/auth/PhoneVerification.tsx,true,""
.github/workflows/security.yml:codeql/language:javascript-typescript,TypeScript,src/hooks/useShare.ts,true,""
.github/workflows/security.yml:codeql/language:javascript-typescript,TypeScript,src/utils/jordanLocations.test.ts,true,""
.github/workflows/security.yml:codeql/language:javascript-typescript,TypeScript,src/utils/api-error-recovery.ts,true,""
.github/workflows/security.yml:codeql/language:javascript-typescript,TypeScript,src/modules/bus/bus.hooks.ts,true,""
.github/workflows/security.yml:codeql/language:javascript-typescript,TypeScript,src/features/operations/ExecutionOSPage.tsx,true,""
.github/workflows/security.yml:codeql/language:javascript-typescript,TypeScript,src/features/profile/useProfilePageController.tsx,true,""
.github/workflows/security.yml:codeql/language:javascript-typescript,TypeScript,src/platform/mapping/responseCache.ts,true,""
.github/workflows/security.yml:codeql/language:javascript-typescript,TypeScript,src/components/wasel-ui/WaselTooltip.tsx,true,""
.github/workflows/security.yml:codeql/language:javascript-typescript,TypeScript,src/layouts/WaselRoot.tsx,true,""
.github/workflows/security.yml:codeql/language:javascript-typescript,TypeScript,src/utils/redaction.ts,true,""
.github/workflows/security.yml:codeql/language:javascript-typescript,TypeScript,src/features/rides/offerRideContent.ts,true,""
.github/workflows/security.yml:codeql/language:javascript-typescript,TypeScript,src/services/directSupabase/growth.ts,true,""
.github/workflows/security.yml:codeql/language:javascript-typescript,TypeScript,tests/unit/contracts/entry.test.ts,true,""
.github/workflows/security.yml:codeql/language:javascript-typescript,TypeScript,tests/unit/utils/textEncoding.test.ts,true,""
.github/workflows/security.yml:codeql/language:javascript-typescript,TypeScript,tests/unit/services/bus.test.ts,true,""
.github/workflows/security.yml:codeql/language:javascript-typescript,TypeScript,src/utils/sanitize.ts,true,""
.github/workflows/security.yml:codeql/language:javascript-typescript,TypeScript,src/features/payments/paymentsTypes.ts,true,""
.github/workflows/security.yml:codeql/language:javascript-typescript,TypeScript,src/services/safetyService.ts,true,""
.github/workflows/security.yml:codeql/language:javascript-typescript,TypeScript,src/contracts/growth.ts,true,""
.github/workflows/security.yml:codeql/language:javascript-typescript,TypeScript,supabase/functions/sms-verification/index.ts,true,""
.github/workflows/security.yml:codeql/language:javascript-typescript,TypeScript,supabase/functions/make-server-0b1f4071/automation-handlers.ts,true,""
.github/workflows/security.yml:codeql/language:javascript-typescript,TypeScript,src/components/app/RouteLoadingFallback.tsx,true,""
.github/workflows/security.yml:codeql/language:javascript-typescript,TypeScript,src/components/brand/index.ts,true,""
.github/workflows/security.yml:codeql/language:javascript-typescript,TypeScript,src/utils/seo.ts,true,""
.github/workflows/security.yml:codeql/language:javascript-typescript,TypeScript,src/features/legal/PrivacyPolicy.tsx,true,""
.github/workflows/security.yml:codeql/language:javascript-typescript,TypeScript,src/features/payments/StripePaymentForm.tsx,true,""
.github/workflows/security.yml:codeql/language:javascript-typescript,TypeScript,src/features/preferences/SettingsPage.tsx,true,""
.github/workflows/security.yml:codeql/language:javascript-typescript,TypeScript,src/services/_SERVICE_DOCUMENTATION_TEMPLATE.ts,true,""
.github/workflows/security.yml:codeql/language:javascript-typescript,TypeScript,src/config/database.types.ts,true,""
.github/workflows/security.yml:codeql/language:javascript-typescript,TypeScript,src/components/ui/buttonVariants.ts,true,""
.github/workflows/security.yml:codeql/language:javascript-typescript,TypeScript,src/features/home/DeferredLandingMap.tsx,true,""
.github/workflows/security.yml:codeql/language:javascript-typescript,TypeScript,src/styles/wasel-design-system.ts,true,""
.github/workflows/security.yml:codeql/language:javascript-typescript,TypeScript,src/platform/resilience/retryPolicy.ts,true,""
.github/workflows/security.yml:codeql/language:javascript-typescript,TypeScript,src/app/pages/surfaces/index.ts,true,""
.github/workflows/security.yml:codeql/language:javascript-typescript,TypeScript,tests/unit/utils/theme.test.ts,true,""
.github/workflows/security.yml:codeql/language:javascript-typescript,TypeScript,tests/unit/services/wallet.test.ts,true,""
.github/workflows/security.yml:codeql/language:javascript-typescript,TypeScript,tests/unit/services/movementPricing.test.ts,true,""
.github/workflows/security.yml:codeql/language:javascript-typescript,TypeScript,src/components/rides/RideSearchForm.tsx,true,""
.github/workflows/security.yml:codeql/language:javascript-typescript,TypeScript,src/components/mobile/index.ts,true,""
.github/workflows/security.yml:codeql/language:javascript-typescript,TypeScript,src/hooks/useOptimizedWallet.ts,true,""
.github/workflows/security.yml:codeql/language:javascript-typescript,TypeScript,src/services/storage/rideSyncQueue.ts,true,""
.github/workflows/security.yml:codeql/language:javascript-typescript,TypeScript,src/features/operations/OperationsOverviewPage.tsx,true,""
.github/workflows/security.yml:codeql/language:javascript-typescript,TypeScript,tests/unit/services/directSupabaseAutomationRpc.test.ts,true,""
.github/workflows/security.yml:codeql/language:javascript-typescript,TypeScript,tests/workspace.test.ts,true,""
.github/workflows/security.yml:codeql/language:javascript-typescript,TypeScript,src/modules/rides/components/RideSearchForm.tsx,true,""
.github/workflows/security.yml:codeql/language:javascript-typescript,TypeScript,src/features/mobility-os/MobilityOSCore.tsx,true,""
.github/workflows/security.yml:codeql/language:javascript-typescript,TypeScript,tests/unit/services/communicationPreferences.test.ts,true,""
.github/workflows/security.yml:codeql/language:javascript-typescript,TypeScript,supabase/functions/wasel-email/brand.ts,true,""
.github/workflows/security.yml:codeql/language:javascript-typescript,TypeScript,src/features/operations/AIIntelligencePage.tsx,true,""
.github/workflows/security.yml:codeql/language:javascript-typescript,TypeScript,src/services/directSupabase/automation.ts,true,""
.github/workflows/security.yml:codeql/language:javascript-typescript,TypeScript,src/services/pageComponents.tsx,true,""
.github/workflows/security.yml:codeql/language:javascript-typescript,TypeScript,src/config/jordan-mobility-network.ts,true,""
.github/workflows/security.yml:codeql/language:javascript-typescript,TypeScript,src/platform/localization/catalog.ts,true,""
.github/workflows/security.yml:codeql/language:javascript-typescript,TypeScript,src/app/pages/surfaces/PaymentsPageSurface.tsx,true,""
.github/workflows/security.yml:codeql/language:javascript-typescript,TypeScript,src/modules/rides/components/RideCard.tsx,true,""
.github/workflows/security.yml:codeql/language:javascript-typescript,TypeScript,src/services/directSupabase/userContext.ts,true,""
.github/workflows/security.yml:codeql/language:javascript-typescript,TypeScript,src/services/driverApprovalAdmin.ts,true,""
.github/workflows/security.yml:codeql/language:javascript-typescript,TypeScript,src/domains/notifications/presentation/index.ts,true,""
.github/workflows/security.yml:codeql/language:javascript-typescript,TypeScript,supabase/functions/ride-pricing/index.ts,true,""
.github/workflows/security.yml:codeql/language:javascript-typescript,TypeScript,src/features/rides/components/OfferRideIncomingRequests.tsx,true,""
.github/workflows/security.yml:codeql/language:javascript-typescript,TypeScript,src/domains/admin/domain/events.ts,true,""
.github/workflows/security.yml:codeql/language:javascript-typescript,TypeScript,src/domains/mobility/presentation/index.ts,true,""
.github/workflows/security.yml:codeql/language:javascript-typescript,TypeScript,tests/database/operationalSeeding.test.ts,true,""
.github/workflows/security.yml:codeql/language:javascript-typescript,TypeScript,tests/env-setup.ts,true,""
.github/workflows/security.yml:codeql/language:javascript-typescript,TypeScript,src/utils/security.ts,true,""
.github/workflows/security.yml:codeql/language:javascript-typescript,TypeScript,src/services/dataIntegrity.ts,true,""
.github/workflows/security.yml:codeql/language:javascript-typescript,TypeScript,src/app/pages/surfaces/pageTypes.ts,true,""
.github/workflows/security.yml:codeql/language:javascript-typescript,TypeScript,src/components/ui/tabs.tsx,true,""
.github/workflows/security.yml:codeql/language:javascript-typescript,TypeScript,src/components/ui/avatar.tsx,true,""
.github/workflows/security.yml:codeql/language:javascript-typescript,TypeScript,src/features/payments/PaymentsPage.tsx,true,""
.github/workflows/security.yml:codeql/language:javascript-typescript,TypeScript,tests/unit/services/trips.test.ts,true,""
.github/workflows/security.yml:codeql/language:javascript-typescript,TypeScript,shared/wallet-contracts.ts,true,""
.github/workflows/security.yml:codeql/language:javascript-typescript,TypeScript,src/hooks/usePushNotifications.ts,true,""
.github/workflows/security.yml:codeql/language:javascript-typescript,TypeScript,src/features/payments/paymentsService.ts,true,""
.github/workflows/security.yml:codeql/language:javascript-typescript,TypeScript,src/services/connectionQuality.ts,true,""
.github/workflows/security.yml:codeql/language:javascript-typescript,TypeScript,src/contracts/communications.ts,true,""
.github/workflows/security.yml:codeql/language:javascript-typescript,TypeScript,src/components/layout/MobilityOSLandingMap.tsx,true,""
.github/workflows/security.yml:codeql/language:javascript-typescript,TypeScript,src/utils/performance/resourceHints.ts,true,""
.github/workflows/security.yml:codeql/language:javascript-typescript,TypeScript,src/features/rides/landing/LandingSignalSection.tsx,true,""
.github/workflows/security.yml:codeql/language:javascript-typescript,TypeScript,src/services/directSupabase/trips.ts,true,""
.github/workflows/security.yml:codeql/language:javascript-typescript,TypeScript,src/domains/admin/presentation/index.ts,true,""
.github/workflows/security.yml:codeql/language:javascript-typescript,TypeScript,src/contracts/bookings.ts,true,""
.github/workflows/security.yml:codeql/language:javascript-typescript,TypeScript,src/components/wasel-ui/WaselButton.tsx,true,""
.github/workflows/security.yml:codeql/language:javascript-typescript,TypeScript,src/utils/performance-budget.ts,true,""
.github/workflows/security.yml:codeql/language:javascript-typescript,TypeScript,src/features/home/appEntryContracts.ts,true,""
.github/workflows/security.yml:codeql/language:javascript-typescript,TypeScript,src/services/demandCapture.ts,true,""
.github/workflows/security.yml:codeql/language:javascript-typescript,TypeScript,src/platform/events/eventBus.ts,true,""
.github/workflows/security.yml:codeql/language:javascript-typescript,TypeScript,src/components/NetworkStatusIndicator.tsx,true,""
.github/workflows/security.yml:codeql/language:javascript-typescript,TypeScript,src/utils/phone.ts,true,""
.github/workflows/security.yml:codeql/language:javascript-typescript,TypeScript,src/tokens/wasel-tokens.ts,true,""
.github/workflows/security.yml:codeql/language:javascript-typescript,TypeScript,src/components/mobile/WaselPWAInstallPrompt.tsx,true,""
.github/workflows/security.yml:codeql/language:javascript-typescript,TypeScript,src/utils/performance/monitoring.ts,true,""
.github/workflows/security.yml:codeql/language:javascript-typescript,TypeScript,src/domains/admin/application/AdminApplicationService.ts,true,""
.github/workflows/security.yml:codeql/language:javascript-typescript,TypeScript,src/domains/wallet/presentation/index.ts,true,""
.github/workflows/security.yml:codeql/language:javascript-typescript,TypeScript,src/utils/validation.ts,true,""
.github/workflows/security.yml:codeql/language:javascript-typescript,TypeScript,src/features/home/AppEntryPage.tsx,true,""
.github/workflows/security.yml:codeql/language:javascript-typescript,TypeScript,src/app/pages/surfaces/LandingPageSurface.tsx,true,""
.github/workflows/security.yml:codeql/language:javascript-typescript,TypeScript,tests/unit/pages/ProfilePage.test.tsx,true,""
.github/workflows/security.yml:codeql/language:javascript-typescript,TypeScript,supabase/functions/make-server-0b1f4071/_shared/status-runtime.ts,true,""
.github/workflows/security.yml:codeql/language:javascript-typescript,TypeScript,tests/e2e/landing-entry.spec.ts,true,""
.github/workflows/security.yml:codeql/language:javascript-typescript,TypeScript,src/layouts/waselRootConfig.ts,true,""
.github/workflows/security.yml:codeql/language:javascript-typescript,TypeScript,src/utils/authFlow.ts,true,""
.github/workflows/security.yml:codeql/language:javascript-typescript,TypeScript,src/features/rides/RidesPageEnhanced.tsx,true,""
.github/workflows/security.yml:codeql/language:javascript-typescript,TypeScript,src/domains/trust/waselPresence.ts,true,""
.github/workflows/security.yml:codeql/language:javascript-typescript,TypeScript,src/platform/resilience/timeout.ts,true,""
.github/workflows/security.yml:codeql/language:javascript-typescript,TypeScript,tests/unit/components/WaselMobileHome.test.tsx,true,""
.github/workflows/security.yml:codeql/language:javascript-typescript,TypeScript,supabase/functions/health-check/index.ts,true,""
.github/workflows/security.yml:codeql/language:javascript-typescript,TypeScript,supabase/functions/make-server-0b1f4071/wallet-handlers.ts,true,""
.github/workflows/security.yml:codeql/language:javascript-typescript,TypeScript,src/modules/trips/trip.hooks.ts,true,""
.github/workflows/security.yml:codeql/language:javascript-typescript,TypeScript,src/domains/notifications/application/NotificationsApplicationService.ts,true,""
.github/workflows/security.yml:codeql/language:javascript-typescript,TypeScript,src/platform/security/requestContext.ts,true,""
.github/workflows/security.yml:codeql/language:javascript-typescript,TypeScript,src/utils/performance/monitor.ts,true,""
.github/workflows/security.yml:codeql/language:javascript-typescript,TypeScript,src/lib/server.ts,true,""
.github/workflows/security.yml:codeql/language:javascript-typescript,TypeScript,src/contracts/entry.ts,true,""
.github/workflows/security.yml:codeql/language:javascript-typescript,TypeScript,tests/database/migrationRegistry.test.ts,true,""
.github/workflows/security.yml:codeql/language:javascript-typescript,TypeScript,src/utils/routeIntelligence.ts,true,""
.github/workflows/security.yml:codeql/language:javascript-typescript,TypeScript,src/features/rides/landing/LandingPageFrame.tsx,true,""
.github/workflows/security.yml:codeql/language:javascript-typescript,TypeScript,src/components/wasel-ds/StaticWaselLogo.tsx,true,""
.github/workflows/security.yml:codeql/language:javascript-typescript,TypeScript,src/components/ErrorBoundary.tsx,true,""
.github/workflows/security.yml:codeql/language:javascript-typescript,TypeScript,src/pages/WaselAuth.tsx,true,""
.github/workflows/security.yml:codeql/language:javascript-typescript,TypeScript,src/utils/feature-flags.ts,true,""
.github/workflows/security.yml:codeql/language:javascript-typescript,TypeScript,src/utils/webVitalsReporter.ts,true,""
.github/workflows/security.yml:codeql/language:javascript-typescript,TypeScript,src/utils/performance/lazyLoading.ts,true,""
.github/workflows/security.yml:codeql/language:javascript-typescript,TypeScript,src/features/payments/stripeClient.ts,true,""
.github/workflows/security.yml:codeql/language:javascript-typescript,TypeScript,src/features/rides/landing/LandingHeroSection.tsx,true,""
.github/workflows/security.yml:codeql/language:javascript-typescript,TypeScript,tests/unit/services/rideModule.test.ts,true,""
.github/workflows/security.yml:codeql/language:javascript-typescript,TypeScript,supabase/functions/make-server-0b1f4071/_shared/communication-runtime.ts,true,""
.github/workflows/security.yml:codeql/language:javascript-typescript,TypeScript,src/hooks/useIframeSafeNavigate.ts,true,""
.github/workflows/security.yml:codeql/language:javascript-typescript,TypeScript,src/hooks/useKVStore.ts,true,""
.github/workflows/security.yml:codeql/language:javascript-typescript,TypeScript,src/utils/security-audit.ts,true,""
.github/workflows/security.yml:codeql/language:javascript-typescript,TypeScript,src/features/rides/landing/LandingTrustSection.tsx,true,""
.github/workflows/security.yml:codeql/language:javascript-typescript,TypeScript,src/domains/corridors/corridorExperience.ts,true,""
.github/workflows/security.yml:codeql/language:javascript-typescript,TypeScript,tests/unit/services/corridorCommercial.test.ts,true,""
.github/workflows/security.yml:codeql/language:javascript-typescript,TypeScript,supabase/functions/payment-webhook/index.ts,true,""
.github/workflows/security.yml:codeql/language:javascript-typescript,TypeScript,src/components/MapWrapper.tsx,true,""
.github/workflows/security.yml:codeql/language:javascript-typescript,TypeScript,src/features/packages/components/PackageSendPanel.tsx,true,""
.github/workflows/security.yml:codeql/language:javascript-typescript,TypeScript,src/design-system/components/LayoutContainer.tsx,true,""
.github/workflows/security.yml:codeql/language:javascript-typescript,TypeScript,src/services/trips.ts,true,""
.github/workflows/security.yml:codeql/language:javascript-typescript,TypeScript,src/domains/mobility/application/MobilityApplicationService.ts,true,""
.github/workflows/security.yml:codeql/language:javascript-typescript,TypeScript,tests/e2e/accessibility.spec.ts,true,""
.github/workflows/security.yml:codeql/language:javascript-typescript,TypeScript,tests/unit/services/core.test.ts,true,""
.github/workflows/security.yml:codeql/language:javascript-typescript,TypeScript,src/utils/locale.ts,true,""
.github/workflows/security.yml:codeql/language:javascript-typescript,TypeScript,src/hooks/useEmailTriggers.ts,true,""
.github/workflows/security.yml:codeql/language:javascript-typescript,TypeScript,src/hooks/useNotifications.ts,true,""
.github/workflows/security.yml:codeql/language:javascript-typescript,TypeScript,src/services/apiGateway.ts,true,""
.github/workflows/security.yml:codeql/language:javascript-typescript,TypeScript,src/domains/analytics/index.ts,true,""
.github/workflows/security.yml:codeql/language:javascript-typescript,TypeScript,src/app/pages/surfaces/ProfilePageSurface.tsx,true,""
.github/workflows/security.yml:codeql/language:javascript-typescript,TypeScript,src/main.tsx,true,""
.github/workflows/security.yml:codeql/language:javascript-typescript,TypeScript,src/components/wasel-ui/WaselModal.tsx,true,""
.github/workflows/security.yml:codeql/language:javascript-typescript,TypeScript,src/components/mobile/WaselMobileHome.tsx,true,""
.github/workflows/security.yml:codeql/language:javascript-typescript,TypeScript,src/hooks/useAppRuntime.ts,true,""
.github/workflows/security.yml:codeql/language:javascript-typescript,TypeScript,src/pages/shared/WaselAuthNetworkMap.tsx,true,""
.github/workflows/security.yml:codeql/language:javascript-typescript,TypeScript,src/utils/pricing/SeatPricing.ts,true,""
.github/workflows/security.yml:codeql/language:javascript-typescript,TypeScript,src/services/bookings.ts,true,""
.github/workflows/security.yml:codeql/language:javascript-typescript,TypeScript,src/hooks/useAuthProviderAvailability.ts,true,""
.github/workflows/security.yml:codeql/language:javascript-typescript,TypeScript,src/domains/mapping/presentation/index.ts,true,""
.github/workflows/security.yml:codeql/language:javascript-typescript,TypeScript,src/domains/mobility/domain/events.ts,true,""
.github/workflows/security.yml:codeql/language:javascript-typescript,TypeScript,supabase/functions/make-server-0b1f4071/_shared/security-runtime.ts,true,""
.github/workflows/security.yml:codeql/language:javascript-typescript,TypeScript,src/services/movementRetention.ts,true,""
.github/workflows/security.yml:codeql/language:javascript-typescript,TypeScript,src/services/journeyLogistics.ts,true,""
.github/workflows/security.yml:codeql/language:javascript-typescript,TypeScript,src/config/wasel-movement-network.ts,true,""
.github/workflows/security.yml:codeql/language:javascript-typescript,TypeScript,src/platform/contracts/serviceContracts.ts,true,""
.github/workflows/security.yml:codeql/language:javascript-typescript,TypeScript,tests/unit/components/WaselMobileBottomNav.test.tsx,true,""
.github/workflows/security.yml:codeql/language:javascript-typescript,TypeScript,tests/unit/services/directSupabase.bookings.test.ts,true,""
.github/workflows/security.yml:codeql/language:javascript-typescript,TypeScript,tests/unit/utils/regionConfig.test.ts,true,""
.github/workflows/security.yml:codeql/language:javascript-typescript,TypeScript,tests/unit/services/corePerformance.test.ts,true,""
.github/workflows/security.yml:codeql/language:javascript-typescript,TypeScript,tests/unit/domains/corridorExperience.test.ts,true,""
.github/workflows/security.yml:codeql/language:javascript-typescript,TypeScript,tests/unit/features/busPage.utils.test.ts,true,""
.github/workflows/security.yml:codeql/language:javascript-typescript,TypeScript,tests/unit/features/profileUtils.test.ts,true,""
.github/workflows/security.yml:codeql/language:javascript-typescript,TypeScript,src/components/brand/BrandChrome.tsx,true,""
.github/workflows/security.yml:codeql/language:javascript-typescript,TypeScript,src/services/storage/WalletStorageAdapter.ts,true,""
.github/workflows/security.yml:codeql/language:javascript-typescript,TypeScript,src/domains/mapping/domain/events.ts,true,""
.github/workflows/security.yml:codeql/language:javascript-typescript,TypeScript,tests/unit/services/rideFlowRuntime.test.ts,true,""
.github/workflows/security.yml:codeql/language:javascript-typescript,TypeScript,src/utils/supabase/database.types.ts,true,""
.github/workflows/security.yml:codeql/language:javascript-typescript,TypeScript,src/utils/errors.ts,true,""
.github/workflows/security.yml:codeql/language:javascript-typescript,TypeScript,src/services/directSupabase/referrals.ts,true,""
.github/workflows/security.yml:codeql/language:javascript-typescript,TypeScript,src/services/rideStateMachine.ts,true,""
.github/workflows/security.yml:codeql/language:javascript-typescript,TypeScript,tests/integration/payment-flows.test.ts,true,""
.github/workflows/security.yml:codeql/language:javascript-typescript,TypeScript,src/components/EnhancedWaselMap.tsx,true,""
.github/workflows/security.yml:codeql/language:javascript-typescript,TypeScript,src/components/advanced-interactions.tsx,true,""
.github/workflows/security.yml:codeql/language:javascript-typescript,TypeScript,src/features/profile/ProfilePage.tsx,true,""
.github/workflows/security.yml:codeql/language:javascript-typescript,TypeScript,src/locales/translations.ts,true,""
.github/workflows/security.yml:codeql/language:javascript-typescript,TypeScript,src/platform/observability/performanceMonitor.ts,true,""
.github/workflows/security.yml:codeql/language:javascript-typescript,TypeScript,tests/unit/services/walletInsights.test.ts,true,""
.github/workflows/security.yml:codeql/language:javascript-typescript,TypeScript,src/components/system/LiveAnnouncer.tsx,true,""
.github/workflows/security.yml:codeql/language:javascript-typescript,TypeScript,src/services/routeDemandIntelligence.ts,true,""
.github/workflows/security.yml:codeql/language:javascript-typescript,TypeScript,src/services/transactionalEmailTriggers.ts,true,""
.github/workflows/security.yml:codeql/language:javascript-typescript,TypeScript,tests/unit/router/wasel-routes.test.tsx,true,""
.github/workflows/security.yml:codeql/language:javascript-typescript,TypeScript,src/components/wasel-ui/WaselSkeleton.tsx,true,""
.github/workflows/security.yml:codeql/language:javascript-typescript,TypeScript,src/modules/bus/bus.copy.ts,true,""
.github/workflows/security.yml:codeql/language:javascript-typescript,TypeScript,src/services/directSupabase/packagesAndNotifications.ts,true,""
.github/workflows/security.yml:codeql/language:javascript-typescript,TypeScript,src/components/ui/label.tsx,true,""
.github/workflows/security.yml:codeql/language:javascript-typescript,TypeScript,src/design-system/components/Card.tsx,true,""
.github/workflows/security.yml:codeql/language:javascript-typescript,TypeScript,tests/unit/services/backendFallback.test.ts,true,""
.github/workflows/security.yml:codeql/language:javascript-typescript,TypeScript,src/features/packages/components/PackageReturnsPanel.tsx,true,""
.github/workflows/security.yml:codeql/language:javascript-typescript,TypeScript,src/features/rides/landing/LandingSlots.tsx,true,""
.github/workflows/security.yml:codeql/language:javascript-typescript,TypeScript,src/services/serviceProviderWorkflows.ts,true,""
.github/workflows/security.yml:codeql/language:javascript-typescript,TypeScript,src/services/driverOnboarding.ts,true,""
.github/workflows/security.yml:codeql/language:javascript-typescript,TypeScript,src/domains/auth/application/AuthApplicationService.ts,true,""
.github/workflows/security.yml:codeql/language:javascript-typescript,TypeScript,src/platform/events/domainEvent.ts,true,""
.github/workflows/security.yml:codeql/language:javascript-typescript,TypeScript,src/components/app/RuntimeCoordinator.tsx,true,""
.github/workflows/security.yml:codeql/language:javascript-typescript,TypeScript,src/services/bus.ts,true,""
.github/workflows/security.yml:codeql/language:javascript-typescript,TypeScript,src/app/pages/surfaces/SharedPageComponents.tsx,true,""
.github/workflows/security.yml:codeql/language:javascript-typescript,TypeScript,src/services/storage/rideBookingStorage.ts,true,""
.github/workflows/security.yml:codeql/language:javascript-typescript,TypeScript,e2e/helpers/session.ts,true,""
.github/workflows/security.yml:codeql/language:javascript-typescript,TypeScript,vitest.config.ts,true,""
.github/workflows/security.yml:codeql/language:javascript-typescript,TypeScript,src/components/ui/radix-optimized.ts,true,""
.github/workflows/security.yml:codeql/language:javascript-typescript,TypeScript,src/components/ui/badge.tsx,true,""
.github/workflows/security.yml:codeql/language:javascript-typescript,TypeScript,src/modules/trips/index.ts,true,""
.github/workflows/security.yml:codeql/language:javascript-typescript,TypeScript,src/features/mobility-os/liveMobilityData.ts,true,""
.github/workflows/security.yml:codeql/language:javascript-typescript,TypeScript,src/services/corridorOperations.ts,true,""
.github/workflows/security.yml:codeql/language:javascript-typescript,TypeScript,tests/unit/utils/api.test.ts,true,""
.github/workflows/security.yml:codeql/language:javascript-typescript,TypeScript,tests/unit/services/bookings.test.ts,true,""
.github/workflows/security.yml:codeql/language:javascript-typescript,TypeScript,tests/unit/services/notifications.test.ts,true,""
.github/workflows/security.yml:codeql/language:javascript-typescript,TypeScript,tests/unit/services/directSupabase.userContext.test.ts,true,""
.github/workflows/security.yml:codeql/language:javascript-typescript,TypeScript,src/router/prefetch.ts,true,""
.github/workflows/security.yml:codeql/language:javascript-typescript,TypeScript,tests/unit/utils/phone.test.ts,true,""
.github/workflows/security.yml:codeql/language:javascript-typescript,TypeScript,src/components/mobile/mobileRuntime.ts,true,""
.github/workflows/security.yml:codeql/language:javascript-typescript,TypeScript,src/utils/env.ts,true,""
.github/workflows/security.yml:codeql/language:javascript-typescript,TypeScript,src/services/auditLog.ts,true,""
.github/workflows/security.yml:codeql/language:javascript-typescript,TypeScript,src/hooks/useOptimizedNavigation.ts,true,""
.github/workflows/security.yml:codeql/language:javascript-typescript,TypeScript,src/features/safety/SafetyPage.tsx,true,""
.github/workflows/security.yml:codeql/language:javascript-typescript,TypeScript,tests/unit/utils/environment.test.ts,true,""
.github/workflows/security.yml:codeql/language:javascript-typescript,TypeScript,src/components/wasel-ui/WaselTabs.tsx,true,""
.github/workflows/security.yml:codeql/language:javascript-typescript,TypeScript,src/components/wasel-ui/WaselTripCard.tsx,true,""
.github/workflows/security.yml:codeql/language:javascript-typescript,TypeScript,src/utils/clipboard.ts,true,""
.github/workflows/security.yml:codeql/language:javascript-typescript,TypeScript,src/utils/authHelpers.ts,true,""
.github/workflows/security.yml:codeql/language:javascript-typescript,TypeScript,src/router/index.ts,true,""
.github/workflows/security.yml:codeql/language:javascript-typescript,TypeScript,src/pages/waselServiceShared.tsx,true,""
.github/workflows/security.yml:codeql/language:javascript-typescript,TypeScript,src/utils/performance/cacheStrategy.ts,true,""
.github/workflows/security.yml:codeql/language:javascript-typescript,TypeScript,src/features/packages/packagesContent.ts,true,""
.github/workflows/security.yml:codeql/language:javascript-typescript,TypeScript,src/services/storage/BookingStorageAdapter.ts,true,""
.github/workflows/security.yml:codeql/language:javascript-typescript,TypeScript,src/styles/shared-ui.ts,true,""
.github/workflows/security.yml:codeql/language:javascript-typescript,TypeScript,src/domains/wallet/domain/events.ts,true,""
.github/workflows/security.yml:codeql/language:javascript-typescript,TypeScript,src/features/profile/components/ProfilePageSections.tsx,true,""
.github/workflows/security.yml:codeql/language:javascript-typescript,TypeScript,src/components/auth/BiometricAuth.tsx,true,""
.github/workflows/security.yml:codeql/language:javascript-typescript,TypeScript,src/i18n/enhancedAuthTranslations.ts,true,""
.github/workflows/security.yml:codeql/language:javascript-typescript,TypeScript,src/utils/currency.ts,true,""
.github/workflows/security.yml:codeql/language:javascript-typescript,TypeScript,src/utils/textEncoding.ts,true,""
.github/workflows/security.yml:codeql/language:javascript-typescript,TypeScript,src/modules/bus/bus.types.ts,true,""
.github/workflows/security.yml:codeql/language:javascript-typescript,TypeScript,tests/e2e/core-route-smoke.spec.ts,true,""
.github/workflows/security.yml:codeql/language:javascript-typescript,TypeScript,tests/unit/utils/security.test.ts,true,""
.github/workflows/security.yml:codeql/language:javascript-typescript,TypeScript,src/utils/api.ts,true,""
.github/workflows/security.yml:codeql/language:javascript-typescript,TypeScript,src/modules/trips/trip.controller.ts,true,""
.github/workflows/security.yml:codeql/language:javascript-typescript,TypeScript,src/design-system/components/SectionWrapper.tsx,true,""
.github/workflows/security.yml:codeql/language:javascript-typescript,TypeScript,src/services/middleEastCorridorProof.ts,true,""
.github/workflows/security.yml:codeql/language:javascript-typescript,TypeScript,src/contexts/authContextHelpers.ts,true,""
.github/workflows/security.yml:codeql/language:javascript-typescript,TypeScript,tests/unit/services/authProfile.test.ts,true,""
.github/workflows/security.yml:codeql/language:javascript-typescript,TypeScript,tests/unit/services/trustRules.test.ts,true,""
.github/workflows/security.yml:codeql/language:javascript-typescript,TypeScript,tests/unit/domains/rideTrust.test.ts,true,""
.github/workflows/security.yml:codeql/language:javascript-typescript,TypeScript,src/features/home/landingConstants.ts,true,""
.github/workflows/security.yml:codeql/language:javascript-typescript,TypeScript,src/components/system/ConsentBanner.tsx,true,""
.github/workflows/security.yml:codeql/language:javascript-typescript,TypeScript,src/features/home/homePageConfig.ts,true,""
.github/workflows/security.yml:codeql/language:javascript-typescript,TypeScript,supabase/functions/notification-trigger/index.ts,true,""
.github/workflows/security.yml:codeql/language:javascript-typescript,TypeScript,scripts/bundle-analyzer.ts,true,""
.github/workflows/security.yml:codeql/language:javascript-typescript,TypeScript,src/app/pages/surfaces/WalletPageSurface.tsx,true,""
.github/workflows/security.yml:codeql/language:javascript-typescript,TypeScript,tests/e2e/rtl-arabic.spec.ts,true,""
.github/workflows/security.yml:codeql/language:javascript-typescript,TypeScript,src/services/rideLifecycle.ts,true,""
.github/workflows/security.yml:codeql/language:javascript-typescript,TypeScript,playwright.config.ts,true,""
.github/workflows/security.yml:codeql/language:javascript-typescript,TypeScript,src/modules/bus/bus.service.ts,true,""
.github/workflows/security.yml:codeql/language:javascript-typescript,TypeScript,src/lib/middleware.ts,true,""
.github/workflows/security.yml:codeql/language:javascript-typescript,TypeScript,src/domains/wallet/application/WalletApplicationService.ts,true,""
.github/workflows/security.yml:codeql/language:javascript-typescript,TypeScript,src/platform/observability/telemetry.ts,true,""
.github/workflows/security.yml:codeql/language:javascript-typescript,TypeScript,tests/unit/utils/startupDom.test.ts,true,""
.github/workflows/security.yml:codeql/language:javascript-typescript,TypeScript,supabase/downloaded/supabase/functions/api-notify/index.ts,true,""
.github/workflows/security.yml:codeql/language:javascript-typescript,TypeScript,src/global.d.ts,true,""
.github/workflows/security.yml:codeql/language:javascript-typescript,TypeScript,src/utils/object.ts,true,""
.github/workflows/security.yml:codeql/language:javascript-typescript,TypeScript,src/features/trips/MyTripsPage.tsx,true,""
.github/workflows/security.yml:codeql/language:javascript-typescript,TypeScript,tests/trust-profile.test.ts,true,""
.github/workflows/security.yml:codeql/language:javascript-typescript,TypeScript,src/features/rides/landing/LandingHeader.tsx,true,""
.github/workflows/security.yml:codeql/language:javascript-typescript,TypeScript,tests/unit/components/WaselPresence.test.tsx,true,""
.github/workflows/security.yml:codeql/language:javascript-typescript,TypeScript,tests/unit/services/activeTrip.test.ts,true,""
.github/workflows/security.yml:codeql/language:javascript-typescript,TypeScript,tests/unit/features/walletControllerUtils.test.ts,true,""
.github/workflows/security.yml:codeql/language:javascript-typescript,TypeScript,vite.config.ts,true,""
.github/workflows/security.yml:codeql/language:javascript-typescript,TypeScript,src/features/bus/BusPage.tsx,true,""
.github/workflows/security.yml:codeql/language:javascript-typescript,TypeScript,src/features/rides/landing/LandingMapSection.tsx,true,""
.github/workflows/security.yml:codeql/language:javascript-typescript,TypeScript,src/domains/notifications/index.ts,true,""
.github/workflows/security.yml:codeql/language:javascript-typescript,TypeScript,src/platform/microservices/circuitBreaker.ts,true,""
.github/workflows/security.yml:codeql/language:javascript-typescript,TypeScript,tests/unit/utils/validation-edge-cases.test.ts,true,""
.github/workflows/security.yml:codeql/language:javascript-typescript,TypeScript,tests/unit/utils/errors.test.ts,true,""
.github/workflows/security.yml:codeql/language:javascript-typescript,TypeScript,src/services/businessEvents.ts,true,""
.github/workflows/security.yml:codeql/language:javascript-typescript,TypeScript,tests/unit/pages/AppEntryPage.test.tsx,true,""
.github/workflows/security.yml:codeql/language:javascript-typescript,TypeScript,tests/unit/services/demandCapture.test.ts,true,""
.github/workflows/security.yml:codeql/language:javascript-typescript,TypeScript,tests/unit/services/rideLifecycle.test.ts,true,""
.github/workflows/security.yml:codeql/language:javascript-typescript,TypeScript,src/components/ui/button.tsx,true,""
.github/workflows/security.yml:codeql/language:javascript-typescript,TypeScript,src/pages/waselCoreStorage.ts,true,""
.github/workflows/security.yml:codeql/language:javascript-typescript,TypeScript,src/utils/jordanLocations.ts,true,""
.github/workflows/security.yml:codeql/language:javascript-typescript,TypeScript,src/features/driver/DriverPage.tsx,true,""
.github/workflows/security.yml:codeql/language:javascript-typescript,TypeScript,src/services/userSettingsService.ts,true,""
.github/workflows/security.yml:codeql/language:javascript-typescript,TypeScript,src/services/communicationPreferences.ts,true,""
.github/workflows/security.yml:codeql/language:javascript-typescript,TypeScript,src/platform/microservices/apiGateway.ts,true,""
.github/workflows/security.yml:codeql/language:javascript-typescript,TypeScript,tests/e2e/wallet-payments.spec.ts,true,""
.github/workflows/security.yml:codeql/language:javascript-typescript,TypeScript,src/domains/auth/infrastructure/AuthGateway.ts,true,""
.github/workflows/security.yml:codeql/language:javascript-typescript,TypeScript,src/components/PrivacyConsentBanner.tsx,true,""
.github/workflows/security.yml:codeql/language:javascript-typescript,TypeScript,src/contracts/trips.ts,true,""
.github/workflows/security.yml:codeql/language:javascript-typescript,TypeScript,src/app/pages/surfaces/SettingsPageSurface.tsx,true,""
.github/workflows/security.yml:codeql/language:javascript-typescript,TypeScript,tests/unit/components/EnhancedAuth.test.tsx,true,""
.github/workflows/security.yml:codeql/language:javascript-typescript,TypeScript,src/domains/admin/index.ts,true,""
.github/workflows/security.yml:codeql/language:javascript-typescript,TypeScript,src/components/wasel-ds/ExactLogoMark.tsx,true,""
.github/workflows/security.yml:codeql/language:javascript-typescript,TypeScript,src/services/rideOptimization.ts,true,""
.github/workflows/security.yml:codeql/language:javascript-typescript,TypeScript,tests/unit/pages/WaselAuthCallback.test.tsx,true,""
.github/workflows/security.yml:codeql/language:javascript-typescript,TypeScript,tests/setup.ts,true,""
.github/workflows/security.yml:codeql/language:javascript-typescript,TypeScript,src/components/system/ThemeSwitcher.tsx,true,""
.github/workflows/security.yml:codeql/language:javascript-typescript,TypeScript,src/utils/consent.ts,true,""
.github/workflows/security.yml:codeql/language:javascript-typescript,TypeScript,src/features/trust/TrustCenterPage.tsx,true,""
.github/workflows/security.yml:codeql/language:javascript-typescript,TypeScript,src/features/notifications/notificationCenterModel.ts,true,""
.github/workflows/security.yml:codeql/language:javascript-typescript,TypeScript,src/contexts/ThemeContext.tsx,true,""
.github/workflows/security.yml:codeql/language:javascript-typescript,TypeScript,tests/unit/services/dataIntegrity.test.ts,true,""
.github/workflows/security.yml:codeql/language:javascript-typescript,TypeScript,supabase/functions/make-server-0b1f4071/_shared/http-runtime.ts,true,""
.github/workflows/security.yml:codeql/language:javascript-typescript,TypeScript,src/components/ui/scroll-area.tsx,true,""
.github/workflows/security.yml:codeql/language:javascript-typescript,TypeScript,tests/e2e/visual-regression.spec.ts,true,""
.github/workflows/security.yml:codeql/language:javascript-typescript,TypeScript,tests/unit/contexts/LocalAuth.test.tsx,true,""
.github/workflows/security.yml:codeql/language:javascript-typescript,TypeScript,src/modules/rides/components/RideResults.tsx,true,""
.github/workflows/security.yml:codeql/language:javascript-typescript,TypeScript,src/features/operations/AnalyticsPage.tsx,true,""
.github/workflows/security.yml:codeql/language:javascript-typescript,TypeScript,src/features/admin/AdminPage.tsx,true,""
.github/workflows/security.yml:codeql/language:javascript-typescript,TypeScript,src/services/executionOperatingSystem.ts,true,""
.github/workflows/security.yml:codeql/language:javascript-typescript,TypeScript,src/platform/security/apiRequestSigning.ts,true,""
.github/workflows/security.yml:codeql/language:javascript-typescript,TypeScript,tests/unit/services/rideHooks.test.tsx,true,""
.github/workflows/security.yml:codeql/language:javascript-typescript,TypeScript,src/components/system/WaselPresence.tsx,true,""
.github/workflows/security.yml:codeql/language:javascript-typescript,TypeScript,src/design-system/components/index.ts,true,""
.github/workflows/security.yml:codeql/language:javascript-typescript,TypeScript,src/services/activeTrip.ts,true,""
.github/workflows/security.yml:codeql/language:javascript-typescript,TypeScript,tests/unit/contexts/AuthContext.profileRefresh.test.tsx,true,""
.github/workflows/security.yml:codeql/language:javascript-typescript,TypeScript,src/utils/instantFeedback.ts,true,""
.github/workflows/security.yml:codeql/language:javascript-typescript,TypeScript,src/utils/api-versioning.ts,true,""
.github/workflows/security.yml:codeql/language:javascript-typescript,TypeScript,src/features/home/useHomePageDashboard.ts,true,""
.github/workflows/security.yml:codeql/language:javascript-typescript,TypeScript,src/services/http.ts,true,""
.github/workflows/security.yml:codeql/language:javascript-typescript,TypeScript,src/services/directSupabase/helpers.ts,true,""
.github/workflows/security.yml:codeql/language:javascript-typescript,TypeScript,src/domains/analytics/presentation/index.ts,true,""
.github/workflows/security.yml:codeql/language:javascript-typescript,TypeScript,tests/unit/server/two-factor-runtime.test.ts,true,""
.github/workflows/security.yml:codeql/language:javascript-typescript,TypeScript,src/components/auth/ProgressivePasswordRequirements.tsx,true,""
.github/workflows/security.yml:codeql/language:javascript-typescript,TypeScript,src/modules/bus/bus.state.ts,true,""
.github/workflows/security.yml:codeql/language:javascript-typescript,TypeScript,src/features/operations/MobilityOSPage.tsx,true,""
.github/workflows/security.yml:codeql/language:javascript-typescript,TypeScript,src/features/operations/MobilityOSPageEnhanced.tsx,true,""
.github/workflows/security.yml:codeql/language:javascript-typescript,TypeScript,src/features/wallet/walletControllerUtils.ts,true,""
.github/workflows/security.yml:codeql/language:javascript-typescript,TypeScript,src/services/trustRules.ts,true,""
.github/workflows/security.yml:codeql/language:javascript-typescript,TypeScript,src/components/ui/input.tsx,true,""
.github/workflows/security.yml:codeql/language:javascript-typescript,TypeScript,src/features/home/landing/LandingServiceHero.tsx,true,""
.github/workflows/security.yml:codeql/language:javascript-typescript,TypeScript,src/services/storage/index.ts,true,""
.github/workflows/security.yml:codeql/language:javascript-typescript,TypeScript,src/domains/mapping/index.ts,true,""
.github/workflows/security.yml:codeql/language:javascript-typescript,TypeScript,tests/unit/utils/sanitize.test.ts,true,""
.github/workflows/security.yml:codeql/language:javascript-typescript,TypeScript,src/components/rides/RideTrustPanel.tsx,true,""
.github/workflows/security.yml:codeql/language:javascript-typescript,TypeScript,src/components/wasel-ui/WaselCard.tsx,true,""
.github/workflows/security.yml:codeql/language:javascript-typescript,TypeScript,src/modules/rides/ride.controller.ts,true,""
.github/workflows/security.yml:codeql/language:javascript-typescript,TypeScript,src/features/operations/ModerationPage.tsx,true,""
.github/workflows/security.yml:codeql/language:javascript-typescript,TypeScript,src/services/offlineQueue.ts,true,""
.github/workflows/security.yml:codeql/language:javascript-typescript,TypeScript,src/domains/mapping/infrastructure/MapProviderGateway.ts,true,""
.github/workflows/security.yml:codeql/language:javascript-typescript,TypeScript,src/domains/trust/rideTrust.ts,true,""
.github/workflows/security.yml:codeql/language:javascript-typescript,TypeScript,src/domains/index.ts,true,""
.github/workflows/security.yml:codeql/language:javascript-typescript,TypeScript,src/features/profile/profileUtils.ts,true,""
.github/workflows/security.yml:codeql/language:javascript-typescript,TypeScript,src/components/wasel-ui/WaselBadge.tsx,true,""
.github/workflows/security.yml:codeql/language:javascript-typescript,TypeScript,src/components/ui/switch.tsx,true,""
.github/workflows/security.yml:codeql/language:javascript-typescript,TypeScript,tests/unit/server/backend-status-runtime.test.ts,true,""
.github/workflows/security.yml:codeql/language:javascript-typescript,TypeScript,supabase/functions/wasel-email/layout.ts,true,""
.github/workflows/security.yml:codeql/language:javascript-typescript,TypeScript,supabase/functions/make-server-0b1f4071/communications-handlers.ts,true,""
.github/workflows/security.yml:codeql/language:javascript-typescript,TypeScript,vitest.coverage.config.ts,true,""
.github/workflows/security.yml:codeql/language:javascript-typescript,TypeScript,src/utils/theme.ts,true,""
.github/workflows/security.yml:codeql/language:javascript-typescript,TypeScript,src/modules/trips/trip.service.ts,true,""
.github/workflows/security.yml:codeql/language:javascript-typescript,TypeScript,src/features/rides/FindRidePage.tsx,true,""
.github/workflows/security.yml:codeql/language:javascript-typescript,TypeScript,src/contracts/rideLifecycle.ts,true,""
.github/workflows/security.yml:codeql/language:javascript-typescript,TypeScript,tests/unit/services/packageTrackingService.test.ts,true,""
.github/workflows/security.yml:codeql/language:javascript-typescript,TypeScript,tests/unit/services/paymentsService.test.ts,true,""
.github/workflows/security.yml:codeql/language:javascript-typescript,TypeScript,src/features/home/HomePage.tsx,true,""
.github/workflows/security.yml:codeql/language:javascript-typescript,TypeScript,src/platform/observability/openTelemetry.ts,true,""
.github/workflows/security.yml:codeql/language:javascript-typescript,TypeScript,tests/e2e/auth-journeys.spec.ts,true,""
.github/workflows/security.yml:codeql/language:javascript-typescript,TypeScript,tests/unit/contexts/AuthContext.test.ts,true,""
.github/workflows/security.yml:codeql/language:javascript-typescript,TypeScript,src/components/ui/progress.tsx,true,""
.github/workflows/security.yml:codeql/language:javascript-typescript,TypeScript,src/utils/automationScheduling.ts,true,""
.github/workflows/security.yml:codeql/language:javascript-typescript,TypeScript,src/contexts/AuthContext.tsx,true,""
.github/workflows/security.yml:codeql/language:javascript-typescript,TypeScript,tests/unit/services/corridorTruth.test.ts,true,""
.github/workflows/security.yml:codeql/language:javascript-typescript,GitHub Actions,.github/workflows/ci.yml,true,""
.github/workflows/security.yml:codeql/language:javascript-typescript,GitHub Actions,.github/workflows/security.yml,true,""
