path_name,size
/_headers,1323
/.htaccess,258
/apple-touch-icon.png,14576
/assets/AppEntryPage-Do25lcpY.js,42936
/assets/AvailabilityBanner-BY--zbhp.js,2295
/assets/BusPage-Cy2RMEJp.js,28749
/assets/card-ByRQ0PPk.js,1909
/assets/data-layer-BpNwWKo9.js,245052
/assets/driverOnboarding-HNCkoDMY.js,1920
/assets/DriverPage-DpJ1ej3A.js,8564
/assets/FindRidePage-X8SLzVSE.js,54283
/assets/HomePage-BU0aQlUd.js,30477
/assets/index-Br5fLTJf.css,120418
/assets/index-CfOvdvIg.js,27657
/assets/index-CT4z4oKh.js,45183
/assets/index-CXKbh27d.js,374872
/assets/input-DhEzA7gn.js,2672
/assets/InsightsTab-Cch5VUn1.js,5972
/assets/LiveTripTracking-egnR7ZKK.js,34191
/assets/maps-eH6tSDV-.js,150058
/assets/MapWrapper-BS184zKo.js,1582
/assets/MobileBottomNav-DACUMPFN.js,4148
/assets/MobilityOSLandingMap-D9_Kzv7k.js,13692
/assets/monitoring-Bgh0G7Sl.js,469386
/assets/motion-BkhwgabE.js,126577
/assets/MyTripsPage-C8XEBGlS.js,22321
/assets/NotificationsPage-LH_6SqOX.js,17968
/assets/OfferRidePage-Bp2FkGDi.js,25789
/assets/OperationsOverviewPage-3xzd0MX4.js,65050
/assets/PackagesPage-rm8kuAu8.js,31521
/assets/pageShared-BOn6RCbA.js,12508
/assets/PopularRoutes-6lhqZRL4.js,10434
/assets/PrivacyPolicy-CH21ALAa.js,10224
/assets/ProfilePage-BQjAzyi-.js,22540
/assets/profileUtils-BM_UxD-C.js,562
/assets/react-core-CK8p1TVI.js,285806
/assets/ReturnMatching-C7zNEF7Y.js,16482
/assets/SafetyPage-rwNssZbD.js,7609
/assets/security-C0GWNV-g.js,3301
/assets/ServiceFlowPlaybook-CVcy2KH6.js,7101
/assets/SettingsPage-Dz8DK5bk.js,19015
/assets/TermsOfService-5PkbEwPB.js,10647
/assets/trustCenterModel-BpRqGdw0.js,2589
/assets/TrustCenterPage-BTzn_thH.js,24989
/assets/ui-primitives-wX11mPvX.js,116877
/assets/usePushNotifications-Df8woIGc.js,2170
/assets/walletApi-C0enWD7D.js,14831
/assets/WaselAuth-DnWyJK8r.js,21240
/assets/WaselAuthCallback-DHfCqmYK.js,5739
/assets/waselCorePageHelpers-UnqUS_RY.js,8110
/assets/waselCoreStorage-Dfaqjn1y.js,853
/assets/WaselMap-aZteF9r4.js,30734
/assets/WaselPagePrimitives-BsAxcyUw.js,10957
/assets/WaselPlusPage-D6WPrTPe.js,10854
/assets/waselServiceShared-_j0awaH4.js,2482
/brand/wasel-w-mark.png,136964
/brand/wasellogo-160.png,10189
/brand/wasellogo-280.png,21989
/brand/wasellogo-512.png,47334
/brand/wasellogo-64.png,2644
/brand/wasellogo-96.png,4844
/favicon-16x16.png,460
/favicon-32x32.png,1324
/favicon.ico,8174
/favicon.svg,21820
/icon-192.png,16256
/icon-512.png,62344
/index.html,3813
/manifest.json,1746
/offline.html,6964
/robots.txt,5089
/sitemap.xml,1661
/sw.js,3623